"Survey Indicator","Survey Year","Stratification","Ages","Income","Estimated Total","90% CI LB Total","90% CI UB Total","Estimated Percentage","90% CI LB Percentage","90% CI UB Percentage"
"4 or more ACES","2019","Appalachian","0 to 18","0% or more FPL","47,356","37,267","57,446","11.9","9.4","14.5"
"4 or more ACES","2019","Metropolitan","0 to 18","0% or more FPL","129,139","111,520","146,757","8.7","7.6","9.9"
"4 or more ACES","2019","Rural Non-Appalachian","0 to 18","0% or more FPL","28,232","22,266","34,199","7.6","6.0","9.2"
"4 or more ACES","2019","Suburban","0 to 18","0% or more FPL","29,373","23,024","35,721","6.3","5.0","7.7"
"4 or more ACES","2021","Appalachian","0 to 18","0% or more FPL","51,212","41,141","61,283","12.8","10.4","15.1"
"4 or more ACES","2021","Metropolitan","0 to 18","0% or more FPL","118,880","102,827","134,934","8.0","7.0","9.1"
"4 or more ACES","2021","Rural Non-Appalachian","0 to 18","0% or more FPL","39,288","28,440","50,136","10.6","7.8","13.3"
"4 or more ACES","2021","Suburban","0 to 18","0% or more FPL","35,554","26,828","44,281","7.6","5.8","9.4"