"Survey Indicator","Survey Year","Stratification","Ages","Income","Estimated Total","90% CI LB Total","90% CI UB Total","Estimated Percentage","90% CI LB Percentage","90% CI UB Percentage"
"ACES: Hit/Kick/Slap","2019","Appalachian","0 to 18","0% or more FPL","47,294","37,630","56,959","12.2","9.8","14.6"
"ACES: Hit/Kick/Slap","2019","Metropolitan","0 to 18","0% or more FPL","135,512","117,009","154,014","9.4","8.1","10.6"
"ACES: Hit/Kick/Slap","2019","Rural Non-Appalachian","0 to 18","0% or more FPL","32,023","25,478","38,569","8.8","7.0","10.6"
"ACES: Hit/Kick/Slap","2019","Suburban","0 to 18","0% or more FPL","31,682","25,375","37,988","7.0","5.6","8.3"
"ACES: Hit/Kick/Slap","2021","Appalachian","0 to 18","0% or more FPL","51,509","41,627","61,392","12.9","10.5","15.3"
"ACES: Hit/Kick/Slap","2021","Metropolitan","0 to 18","0% or more FPL","136,115","119,573","152,657","9.2","8.1","10.3"
"ACES: Hit/Kick/Slap","2021","Rural Non-Appalachian","0 to 18","0% or more FPL","35,578","25,971","45,186","9.7","7.2","12.2"
"ACES: Hit/Kick/Slap","2021","Suburban","0 to 18","0% or more FPL","33,592","24,762","42,422","7.2","5.3","9.0"