"Survey Indicator","Survey Year","Stratification","Ages","Income","Estimated Total","90% CI LB Total","90% CI UB Total","Estimated Percentage","90% CI LB Percentage","90% CI UB Percentage"
"ACES: Divorce","2019","Appalachian","0 to 18","0% or more FPL","143,638","129,469","157,806","36.6","33.2","40.1"
"ACES: Divorce","2019","Metropolitan","0 to 18","0% or more FPL","441,726","413,055","470,397","30.4","28.6","32.2"
"ACES: Divorce","2019","Rural Non-Appalachian","0 to 18","0% or more FPL","131,860","112,635","151,085","35.9","31.7","40.0"
"ACES: Divorce","2019","Suburban","0 to 18","0% or more FPL","140,216","124,118","156,315","30.6","27.4","33.8"
"ACES: Divorce","2021","Appalachian","0 to 18","0% or more FPL","132,948","118,163","147,733","33.2","29.9","36.5"
"ACES: Divorce","2021","Metropolitan","0 to 18","0% or more FPL","391,800","366,145","417,456","26.5","24.9","28.2"
"ACES: Divorce","2021","Rural Non-Appalachian","0 to 18","0% or more FPL","109,137","94,424","123,850","29.4","25.9","32.9"
"ACES: Divorce","2021","Suburban","0 to 18","0% or more FPL","125,529","109,539","141,519","26.8","23.7","29.9"