"Survey Indicator","Survey Year","Stratification","Ages","Income","Estimated Total","90% CI LB Total","90% CI UB Total","Estimated Percentage","90% CI LB Percentage","90% CI UB Percentage"
"ACES: Death","2019","Appalachian","0 to 18","0% or more FPL","16,626","11,173","22,078","4.2","2.8","5.7"
"ACES: Death","2019","Metropolitan","0 to 18","0% or more FPL","77,208","64,812","89,604","5.3","4.5","6.1"
"ACES: Death","2019","Rural Non-Appalachian","0 to 18","0% or more FPL","17,100","12,110","22,090","4.6","3.3","6.0"
"ACES: Death","2019","Suburban","0 to 18","0% or more FPL","15,810","9,997","21,623","3.5","2.2","4.7"
"ACES: Death","2021","Appalachian","0 to 18","0% or more FPL","25,212","18,779","31,645","6.3","4.7","7.9"
"ACES: Death","2021","Metropolitan","0 to 18","0% or more FPL","75,316","63,860","86,773","5.1","4.3","5.9"
"ACES: Death","2021","Rural Non-Appalachian","0 to 18","0% or more FPL","21,503","14,510","28,495","5.8","3.9","7.6"
"ACES: Death","2021","Suburban","0 to 18","0% or more FPL","24,491","17,125","31,858","5.2","3.7","6.8"