"Survey Indicator","Survey Year","Stratification","Ages","Income","Estimated Total","90% CI LB Total","90% CI UB Total","Estimated Percentage","90% CI LB Percentage","90% CI UB Percentage"
"ACES: Mental Health","2019","Appalachian","0 to 18","0% or more FPL","68,068","57,084","79,052","17.4","14.8","20.1"
"ACES: Mental Health","2019","Metropolitan","0 to 18","0% or more FPL","245,931","221,298","270,565","17.0","15.4","18.6"
"ACES: Mental Health","2019","Rural Non-Appalachian","0 to 18","0% or more FPL","52,723","44,363","61,084","14.5","12.2","16.8"
"ACES: Mental Health","2019","Suburban","0 to 18","0% or more FPL","64,958","54,665","75,251","14.2","12.1","16.4"
"ACES: Mental Health","2021","Appalachian","0 to 18","0% or more FPL","79,335","68,018","90,651","19.9","17.2","22.6"
"ACES: Mental Health","2021","Metropolitan","0 to 18","0% or more FPL","227,059","205,889","248,228","15.4","14.0","16.8"
"ACES: Mental Health","2021","Rural Non-Appalachian","0 to 18","0% or more FPL","56,238","44,626","67,850","15.2","12.3","18.2"
"ACES: Mental Health","2021","Suburban","0 to 18","0% or more FPL","79,942","67,897","91,988","17.1","14.6","19.6"