"Survey Indicator","Survey Year","Stratification","Ages","Income","Estimated Total","90% CI LB Total","90% CI UB Total","Estimated Percentage","90% CI LB Percentage","90% CI UB Percentage"
"3 or more ACES","2019","Appalachian","0 to 18","0% or more FPL","77,071","65,046","89,096","19.4","16.5","22.4"
"3 or more ACES","2019","Metropolitan","0 to 18","0% or more FPL","221,486","200,020","242,953","14.9","13.6","16.3"
"3 or more ACES","2019","Rural Non-Appalachian","0 to 18","0% or more FPL","54,077","45,558","62,597","14.5","12.2","16.8"
"3 or more ACES","2019","Suburban","0 to 18","0% or more FPL","50,676","42,156","59,196","11.0","9.1","12.8"
"3 or more ACES","2021","Appalachian","0 to 18","0% or more FPL","74,878","63,292","86,465","18.6","15.9","21.4"
"3 or more ACES","2021","Metropolitan","0 to 18","0% or more FPL","208,449","188,152","228,745","14.1","12.8","15.4"
"3 or more ACES","2021","Rural Non-Appalachian","0 to 18","0% or more FPL","56,110","44,385","67,836","15.1","12.2","18.0"
"3 or more ACES","2021","Suburban","0 to 18","0% or more FPL","58,023","46,181","69,864","12.4","10.0","14.8"