"Survey Indicator","Survey Year","Stratification","Ages","Income","Estimated Total","90% CI LB Total","90% CI UB Total","Estimated Percentage","90% CI LB Percentage","90% CI UB Percentage"
"ACES: Violence in the Neighborhood","2019","Appalachian","0 to 18","0% or more FPL","37,928","30,283","45,573","9.7","7.8","11.7"
"ACES: Violence in the Neighborhood","2019","Metropolitan","0 to 18","0% or more FPL","148,344","130,711","165,977","10.3","9.1","11.4"
"ACES: Violence in the Neighborhood","2019","Rural Non-Appalachian","0 to 18","0% or more FPL","24,712","19,166","30,258","6.8","5.2","8.3"
"ACES: Violence in the Neighborhood","2019","Suburban","0 to 18","0% or more FPL","27,802","18,844","36,760","6.1","4.1","8.1"
"ACES: Violence in the Neighborhood","2021","Appalachian","0 to 18","0% or more FPL","29,004","21,914","36,093","7.3","5.5","9.0"
"ACES: Violence in the Neighborhood","2021","Metropolitan","0 to 18","0% or more FPL","128,198","113,445","142,952","8.7","7.7","9.7"
"ACES: Violence in the Neighborhood","2021","Rural Non-Appalachian","0 to 18","0% or more FPL","27,596","19,380","35,812","7.5","5.3","9.7"
"ACES: Violence in the Neighborhood","2021","Suburban","0 to 18","0% or more FPL","24,171","16,824","31,519","5.2","3.6","6.7"