"Survey Indicator","Survey Year","Stratification","Ages","Income","Estimated Total","90% CI LB Total","90% CI UB Total","Estimated Percentage","90% CI LB Percentage","90% CI UB Percentage"
"ACES: Alcohol/Drugs","2019","Appalachian","0 to 18","0% or more FPL","73,885","62,002","85,767","18.8","15.9","21.7"
"ACES: Alcohol/Drugs","2019","Metropolitan","0 to 18","0% or more FPL","202,421","181,050","223,792","13.9","12.5","15.3"
"ACES: Alcohol/Drugs","2019","Rural Non-Appalachian","0 to 18","0% or more FPL","62,314","50,322","74,305","16.9","13.8","20.1"
"ACES: Alcohol/Drugs","2019","Suburban","0 to 18","0% or more FPL","56,411","47,214","65,609","12.4","10.4","14.3"
"ACES: Alcohol/Drugs","2021","Appalachian","0 to 18","0% or more FPL","74,453","62,907","85,999","18.7","16.0","21.4"
"ACES: Alcohol/Drugs","2021","Metropolitan","0 to 18","0% or more FPL","210,073","188,867","231,279","14.2","12.9","15.6"
"ACES: Alcohol/Drugs","2021","Rural Non-Appalachian","0 to 18","0% or more FPL","57,203","46,108","68,298","15.5","12.6","18.3"
"ACES: Alcohol/Drugs","2021","Suburban","0 to 18","0% or more FPL","70,042","57,422","82,662","15.0","12.4","17.5"