"Survey Indicator","Survey Year","Stratification","Ages","Income","Estimated Total","90% CI LB Total","90% CI UB Total","Estimated Percentage","90% CI LB Percentage","90% CI UB Percentage"
"Avoided or Delayed Health Care (Provider Unavailable)","2019","Appalachian","19 Years and Older","0% or more FPL","81,484","71,165","91,803","20.8","18.3","23.4"
"Avoided or Delayed Health Care (Provider Unavailable)","2019","Metropolitan","19 Years and Older","0% or more FPL","355,086","328,711","381,460","24.1","22.5","25.7"
"Avoided or Delayed Health Care (Provider Unavailable)","2019","Rural Non-Appalachian","19 Years and Older","0% or more FPL","78,064","66,059","90,070","24.4","21.2","27.6"
"Avoided or Delayed Health Care (Provider Unavailable)","2019","Suburban","19 Years and Older","0% or more FPL","112,881","98,634","127,127","26.3","23.4","29.1"
"Avoided or Delayed Health Care (Provider Unavailable)","2021","Appalachian","19 Years and Older","0% or more FPL","92,213","79,649","104,778","25.2","22.3","28.1"
"Avoided or Delayed Health Care (Provider Unavailable)","2021","Metropolitan","19 Years and Older","0% or more FPL","320,917","297,545","344,289","25.6","24.0","27.2"
"Avoided or Delayed Health Care (Provider Unavailable)","2021","Rural Non-Appalachian","19 Years and Older","0% or more FPL","67,808","57,993","77,623","22.7","19.8","25.7"
"Avoided or Delayed Health Care (Provider Unavailable)","2021","Suburban","19 Years and Older","0% or more FPL","87,957","77,098","98,815","24.0","21.3","26.7"