"Survey Indicator","Survey Year","Stratification","Ages","Income","Estimated Total","90% CI LB Total","90% CI UB Total","Estimated Percentage","90% CI LB Percentage","90% CI UB Percentage"
"Vision Difficulty","2019","Appalachian","19 Years and Older","0% or more FPL","95,045","82,820","107,269","7.1","6.2","8.0"
"Vision Difficulty","2019","Metropolitan","19 Years and Older","0% or more FPL","301,701","280,961","322,440","6.3","5.9","6.8"
"Vision Difficulty","2019","Rural Non-Appalachian","19 Years and Older","0% or more FPL","62,535","52,230","72,839","5.5","4.6","6.4"
"Vision Difficulty","2019","Suburban","19 Years and Older","0% or more FPL","74,127","64,301","83,954","5.0","4.4","5.7"
"Vision Difficulty","2021","Appalachian","19 Years and Older","0% or more FPL","88,830","77,628","100,031","6.5","5.7","7.3"
"Vision Difficulty","2021","Metropolitan","19 Years and Older","0% or more FPL","267,998","245,600","290,397","5.5","5.0","5.9"
"Vision Difficulty","2021","Rural Non-Appalachian","19 Years and Older","0% or more FPL","56,329","44,570","68,087","4.8","3.9","5.8"
"Vision Difficulty","2021","Suburban","19 Years and Older","0% or more FPL","68,306","56,746","79,867","4.5","3.8","5.3"