"Survey Indicator","Survey Year","Stratification","Ages","Income","Estimated Total","90% CI LB Total","90% CI UB Total","Estimated Percentage","90% CI LB Percentage","90% CI UB Percentage"
"Retired","2019","Appalachian","55 Years and Older","0% or more FPL","375,953","355,269","396,636","60.2","57.8","62.7"
"Retired","2019","Metropolitan","55 Years and Older","0% or more FPL","1,029,565","993,911","1,065,219","55.6","54.0","57.1"
"Retired","2019","Rural Non-Appalachian","55 Years and Older","0% or more FPL","285,724","266,616","304,832","55.6","52.6","58.6"
"Retired","2019","Suburban","55 Years and Older","0% or more FPL","354,345","335,803","372,887","57.3","55.1","59.5"
"Retired","2021","Appalachian","55 Years and Older","0% or more FPL","328,643","314,259","343,026","55.5","53.6","57.4"
"Retired","2021","Metropolitan","55 Years and Older","0% or more FPL","974,138","947,704","1,000,572","52.5","51.3","53.6"
"Retired","2021","Rural Non-Appalachian","55 Years and Older","0% or more FPL","274,893","262,462","287,324","55.2","53.1","57.2"
"Retired","2021","Suburban","55 Years and Older","0% or more FPL","361,531","343,407","379,656","55.7","53.6","57.8"