"Survey Indicator","Survey Year","Stratification","Ages","Income","Estimated Total","90% CI LB Total","90% CI UB Total","Estimated Percentage","90% CI LB Percentage","90% CI UB Percentage"
"Hearing Difficulty","2019","Appalachian","19 Years and Older","0% or more FPL","119,148","107,501","130,795","8.9","8.0","9.7"
"Hearing Difficulty","2019","Metropolitan","19 Years and Older","0% or more FPL","299,135","277,242","321,028","6.3","5.8","6.7"
"Hearing Difficulty","2019","Rural Non-Appalachian","19 Years and Older","0% or more FPL","86,280","76,217","96,342","7.6","6.7","8.4"
"Hearing Difficulty","2019","Suburban","19 Years and Older","0% or more FPL","118,208","105,596","130,820","8.0","7.1","8.8"
"Hearing Difficulty","2021","Appalachian","19 Years and Older","0% or more FPL","128,405","115,467","141,343","9.4","8.5","10.4"
"Hearing Difficulty","2021","Metropolitan","19 Years and Older","0% or more FPL","318,916","296,719","341,112","6.5","6.1","7.0"
"Hearing Difficulty","2021","Rural Non-Appalachian","19 Years and Older","0% or more FPL","77,021","65,041","89,002","6.6","5.6","7.6"
"Hearing Difficulty","2021","Suburban","19 Years and Older","0% or more FPL","119,204","106,013","132,395","7.9","7.0","8.7"