"Survey Indicator","Survey Year","Stratification","Ages","Income","Estimated Total","90% CI LB Total","90% CI UB Total","Estimated Percentage","90% CI LB Percentage","90% CI UB Percentage"
"Avoided or Delayed Health Care (Transportation)","2019","Appalachian","19 Years and Older","0% or more FPL","52,465","43,639","61,290","13.4","11.2","15.6"
"Avoided or Delayed Health Care (Transportation)","2019","Metropolitan","19 Years and Older","0% or more FPL","198,813","177,805","219,821","13.4","12.1","14.8"
"Avoided or Delayed Health Care (Transportation)","2019","Rural Non-Appalachian","19 Years and Older","0% or more FPL","40,341","32,200","48,482","12.6","10.2","15.0"
"Avoided or Delayed Health Care (Transportation)","2019","Suburban","19 Years and Older","0% or more FPL","50,815","39,634","61,997","11.7","9.3","14.1"
"Avoided or Delayed Health Care (Transportation)","2021","Appalachian","19 Years and Older","0% or more FPL","59,735","49,520","69,951","16.4","13.9","18.9"
"Avoided or Delayed Health Care (Transportation)","2021","Metropolitan","19 Years and Older","0% or more FPL","183,075","162,745","203,404","14.6","13.1","16.1"
"Avoided or Delayed Health Care (Transportation)","2021","Rural Non-Appalachian","19 Years and Older","0% or more FPL","25,422","19,719","31,124","8.5","6.7","10.4"
"Avoided or Delayed Health Care (Transportation)","2021","Suburban","19 Years and Older","0% or more FPL","30,224","23,466","36,982","8.2","6.4","10.0"