"Survey Indicator","Survey Year","Stratification","Ages","Income","Estimated Total","90% CI LB Total","90% CI UB Total","Estimated Percentage","90% CI LB Percentage","90% CI UB Percentage"
"Avoided or Delayed Health Care (Cost)","2019","Appalachian","19 Years and Older","0% or more FPL","216,952","197,783","236,122","55.5","51.7","59.3"
"Avoided or Delayed Health Care (Cost)","2019","Metropolitan","19 Years and Older","0% or more FPL","835,906","793,086","878,727","56.6","54.7","58.5"
"Avoided or Delayed Health Care (Cost)","2019","Rural Non-Appalachian","19 Years and Older","0% or more FPL","185,723","168,829","202,618","57.9","54.4","61.5"
"Avoided or Delayed Health Care (Cost)","2019","Suburban","19 Years and Older","0% or more FPL","237,198","217,258","257,137","54.8","51.7","57.9"
"Avoided or Delayed Health Care (Cost)","2021","Appalachian","19 Years and Older","0% or more FPL","202,212","185,252","219,171","55.4","52.4","58.4"
"Avoided or Delayed Health Care (Cost)","2021","Metropolitan","19 Years and Older","0% or more FPL","670,232","638,033","702,432","53.5","51.7","55.3"
"Avoided or Delayed Health Care (Cost)","2021","Rural Non-Appalachian","19 Years and Older","0% or more FPL","174,776","158,602","190,950","58.4","55.0","61.9"
"Avoided or Delayed Health Care (Cost)","2021","Suburban","19 Years and Older","0% or more FPL","216,210","197,666","234,754","58.9","55.8","62.1"