"Survey Indicator","Survey Year","Stratification","Ages","Income","Estimated Total","90% CI LB Total","90% CI UB Total","Estimated Percentage","90% CI LB Percentage","90% CI UB Percentage"
"Cognitive Difficulty","2019","Appalachian","19 Years and Older","0% or more FPL","226,621","206,524","246,719","16.9","15.5","18.3"
"Cognitive Difficulty","2019","Metropolitan","19 Years and Older","0% or more FPL","809,536","769,074","849,997","17.1","16.3","17.9"
"Cognitive Difficulty","2019","Rural Non-Appalachian","19 Years and Older","0% or more FPL","166,971","141,909","192,032","14.7","12.7","16.7"
"Cognitive Difficulty","2019","Suburban","19 Years and Older","0% or more FPL","208,059","190,079","226,039","14.1","13.0","15.3"
"Cognitive Difficulty","2021","Appalachian","19 Years and Older","0% or more FPL","226,390","208,012","244,767","16.7","15.4","17.9"
"Cognitive Difficulty","2021","Metropolitan","19 Years and Older","0% or more FPL","722,400","685,053","759,748","14.8","14.1","15.5"
"Cognitive Difficulty","2021","Rural Non-Appalachian","19 Years and Older","0% or more FPL","149,033","132,805","165,262","12.8","11.5","14.1"
"Cognitive Difficulty","2021","Suburban","19 Years and Older","0% or more FPL","188,378","169,834","206,922","12.4","11.2","13.6"