"Survey Indicator","Survey Year","Stratification","Ages","Income","Estimated Total","90% CI LB Total","90% CI UB Total","Estimated Percentage","90% CI LB Percentage","90% CI UB Percentage"
"Avoided or Delayed Health Care (No Provider Found)","2019","Appalachian","19 Years and Older","0% or more FPL","57,603","49,161","66,044","14.7","12.6","16.9"
"Avoided or Delayed Health Care (No Provider Found)","2019","Metropolitan","19 Years and Older","0% or more FPL","267,709","242,543","292,874","18.1","16.6","19.7"
"Avoided or Delayed Health Care (No Provider Found)","2019","Rural Non-Appalachian","19 Years and Older","0% or more FPL","43,958","37,335","50,581","13.7","11.7","15.8"
"Avoided or Delayed Health Care (No Provider Found)","2019","Suburban","19 Years and Older","0% or more FPL","74,102","62,501","85,704","17.2","14.8","19.7"
"Avoided or Delayed Health Care (No Provider Found)","2021","Appalachian","19 Years and Older","0% or more FPL","75,506","64,184","86,828","20.7","18.0","23.4"
"Avoided or Delayed Health Care (No Provider Found)","2021","Metropolitan","19 Years and Older","0% or more FPL","279,854","255,654","304,055","22.3","20.6","24.0"
"Avoided or Delayed Health Care (No Provider Found)","2021","Rural Non-Appalachian","19 Years and Older","0% or more FPL","45,767","37,980","53,554","15.3","12.9","17.8"
"Avoided or Delayed Health Care (No Provider Found)","2021","Suburban","19 Years and Older","0% or more FPL","64,393","54,151","74,634","17.6","15.0","20.1"