"Survey Indicator","Survey Year","Stratification","Ages","Income","Estimated Total","90% CI LB Total","90% CI UB Total","Estimated Percentage","90% CI LB Percentage","90% CI UB Percentage"
"Independent Living Difficulty","2019","Appalachian","19 Years and Older","0% or more FPL","167,452","152,053","182,851","12.5","11.4","13.6"
"Independent Living Difficulty","2019","Metropolitan","19 Years and Older","0% or more FPL","505,881","476,183","535,580","10.7","10.1","11.3"
"Independent Living Difficulty","2019","Rural Non-Appalachian","19 Years and Older","0% or more FPL","121,489","108,600","134,378","10.7","9.5","11.8"
"Independent Living Difficulty","2019","Suburban","19 Years and Older","0% or more FPL","124,405","111,627","137,183","8.4","7.6","9.3"
"Independent Living Difficulty","2021","Appalachian","19 Years and Older","0% or more FPL","175,730","159,115","192,346","12.9","11.8","14.1"
"Independent Living Difficulty","2021","Metropolitan","19 Years and Older","0% or more FPL","537,749","506,015","569,484","11.0","10.4","11.6"
"Independent Living Difficulty","2021","Rural Non-Appalachian","19 Years and Older","0% or more FPL","115,104","102,801","127,407","9.9","8.8","10.9"
"Independent Living Difficulty","2021","Suburban","19 Years and Older","0% or more FPL","151,173","133,050","169,297","10.0","8.8","11.1"