"Survey Indicator","Survey Year","Stratification","Ages","Income","Estimated Total","90% CI LB Total","90% CI UB Total","Estimated Percentage","90% CI LB Percentage","90% CI UB Percentage"
"Marijuana Use","2019","Appalachian","19 Years and Older","0% or more FPL","130,471","118,762","142,181","10.0","9.1","10.9"
"Marijuana Use","2019","Metropolitan","19 Years and Older","0% or more FPL","671,316","638,645","703,988","14.6","13.9","15.2"
"Marijuana Use","2019","Rural Non-Appalachian","19 Years and Older","0% or more FPL","107,523","83,938","131,109","9.7","7.7","11.6"
"Marijuana Use","2019","Suburban","19 Years and Older","0% or more FPL","143,704","129,508","157,901","10.0","9.0","10.9"
"Marijuana Use","2021","Appalachian","19 Years and Older","0% or more FPL","137,705","123,638","151,772","10.6","9.6","11.7"
"Marijuana Use","2021","Metropolitan","19 Years and Older","0% or more FPL","682,215","647,252","717,178","14.9","14.2","15.6"
"Marijuana Use","2021","Rural Non-Appalachian","19 Years and Older","0% or more FPL","106,025","92,568","119,481","9.6","8.4","10.7"
"Marijuana Use","2021","Suburban","19 Years and Older","0% or more FPL","118,475","103,853","133,097","8.2","7.2","9.2"